{
    "Sharpe": 0.4025118800346745,
    "Max Drawdown": -0.06455775568376071,
    "Total Return": 0.0532626449891489,
    "Ann. Return": 0.029353862972704592,
    "Ann. Vol": 0.0796888053913974
}